{
  "resolution": 512,
  "loss_min": 5.168366671383868,
  "loss_max": 5.544559953605845,
  "loss_mean": 5.348409438718591,
  "loss_std": 0.06715433723232438,
  "total_configs": 1073741824,
  "num_params": 30,
  "global_loss_min": 2.95703125,
  "global_loss_max": 7.5859375,
  "x_bits": [
    6,
    27,
    23,
    25,
    9,
    22,
    24,
    8,
    18,
    3,
    20,
    28,
    11,
    13,
    0
  ],
  "y_bits": [
    29,
    10,
    15,
    16,
    14,
    5,
    21,
    26,
    7,
    17,
    12,
    2,
    4,
    19,
    1
  ]
}